genius,S,E,B,dist_to_centroid,outcome,pareto
Euler,0.28888888888888886,0.39444444444444443,0.31666666666666665,0.07737993487324511,4.0,False
Mandelbrot,0.4,0.2777777777777778,0.32222222222222224,0.08748897637790902,4.0,False
Tesla,0.3333333333333333,0.3388888888888889,0.3277777777777778,0.007856742013183872,4.0,True
