subgroup,Support,Exploration,Balanced
matrix,0.3384615384615385,0.3384615384615385,0.3230769230769231
phase2,0.25,0.16666666666666666,0.5833333333333334
phase4,0.37777777777777777,0.34074074074074073,0.2814814814814815
