,Support-dominant,Exploration-dominant,Balanced-asymmetric
Support-dominant,0.9670490731273031,0.00041530226537770645,0.03253562460731902
Exploration-dominant,0.0002860703700160456,0.9818142693518244,0.017899660278159556
Balanced-asymmetric,0.05961726205255071,0.04761558115036811,0.8927671567970811
