,Support-dominant,Exploration-dominant,Balanced-asymmetric
Support-dominant,0.951732593271814,0.001211992564188347,0.04705541416399752
Exploration-dominant,0.0008348501566172002,0.9731734626830921,0.025991687160290596
Balanced-asymmetric,0.08622287080898025,0.06914149598279688,0.8446356332082227
