,Support-dominant,Exploration-dominant,Balanced-asymmetric
Support-dominant,0.9831210679760626,0.0,0.016878932023937393
Exploration-dominant,0.0,0.9907505686125853,0.009249431387414709
Balanced-asymmetric,0.030928427709111812,0.02460477148605921,0.9444668008048289
