,count,mean,std,min,25%,50%,75%,max
unit_consistency_score,60.0,0.3606075115006123,0.0526838158631241,0.35,0.35,0.35000115239294255,0.3501539682113007,0.6417522711420647
res_class_score,60.0,0.3778258031733524,1.9588755889990253e-14,0.3778258031733228,0.37782580317334186,0.3778258031733467,0.377825803173365,0.37782580317338427
lattice_score,60.0,0.9446725513267372,2.6844542291978567e-15,0.9446725513267342,0.9446725513267348,0.9446725513267373,0.9446725513267379,0.9446725513267432
robust_resonance_score,60.0,0.5152329172935136,0.013170953965779662,0.5125810394183459,0.512581039418364,0.5125813275165974,0.5126195314711951,0.585519107203873
tesla_overall_score,60.0,0.3232830990435911,0.07814766019696662,0.3075486236510075,0.30754862365101837,0.3075503330338819,0.307777009831118,0.7403144925117434
