R1p,R2p,R3p,cluster,regime,regime_mapped
0.0524410073035494,0.3983230115745796,0.5492359811207014,0,transcendence,transcendence
0.0535534326996022,0.102757926522351,0.8436886407767912,1,transcendence,creation
0.3918514063670968,0.0966771219888981,0.51147147164266,2,transcendence,optimization
