metric,F,p,partial_eta_squared
R1p,35290.38651544992,0.0,0.8247558978359334
R2p,25705.73429707108,0.0,0.7741703683658934
R3p,31229.854802124115,0.0,0.8063821704197769
