feature,importance
descent_rate,0.36561877648659946
sequence_length,0.33712925552382694
length_log,0.2798708361546993
max_ratio,0.017381131834874452
