feature,importance
imaginary_part,0.6461987457838886
height_normalized,0.34041924110131316
local_density,0.010188235115797278
spacing,0.003193777999000882
