feature,importance
merit_normalized,0.3749555761904024
gap_size,0.258749818523823
gap_anomaly,0.2202736482774443
gap_ratio,0.11897839465229569
local_density,0.027042562356034677
