subgroup,N,chi2,df,pval_asym,pval_boot,holm_rank,holm_alpha_0.05,reject_at_0.05
source_phase2,60,66.8505582604657,2,2.9976021664879227e-15,0.0,1,0.008333333333333333,True
genius_phase2,60,66.8505582604657,2,2.9976021664879227e-15,0.0,2,0.01,True
source_phase4,135,13.839940075650475,2,0.0009878595385079958,0.0013,3,0.0125,True
genius_Mandelbrot,45,6.955269674376915,2,0.03088036181187337,0.03,4,0.016666666666666666,False
genius_Euler,45,4.421424761653396,2,0.10962252770601977,0.1076,5,0.025,False
genius_Tesla,45,3.8740346933052443,2,0.1441332086915752,0.1376,6,0.05,False
