Regime,Observed_count,Observed_prop,CI_2.5,CI_97.5,Target_prop,Std_residual
Support-dominant,132.0,0.3384615384615385,0.2923076923076923,0.3871794871794872,0.334,0.15245571579535122
Exploration-dominant,122.0,0.3128205128205128,0.26666666666666666,0.358974358974359,0.484,-4.859161612739825
Balanced-asymmetric,136.0,0.3487179487179487,0.30256410256410254,0.3974358974358974,0.182,7.717541395796319
