route,L,Sigma,D,W,R,Khat,dP,S
PDE weak-limit route,4,247,4,0.75,0.75,0.7959183673469388,0.6,22.695918367346934
Generator/Semigroup route,4,265,4,0.75,1.75,0.7540453074433657,0.6,22.754045307443363
Characteristic function route,4,300,4,0.75,1.25,0.7150997150997151,0.6,24.86509971509971
