domain,n,concordance_mean,conf_mean
continued_fraction,11,1.0,0.5360586025818604
other,13,0.0,0.5645588311779172
partition,11,1.0,0.5694277565539865
q_series,14,1.0,0.5597073801472127
theta,11,1.0,0.5367013725700559
