mock_theta_order_score,centrality,hazard_diff_E_minus_S,pi_exploration
0.27641075814301935,1.0772793393392759,-0.027994776542756408,0.4843210079326656
