to_R1,to_R2,to_R3,cluster,assigned_regime
0.4599163137144291,0.7748622909517655,0.7918266988713574,0,optimization
0.40221073339159835,0.5618448935630862,0.753986121064055,1,transcendence
0.670933396038881,0.7636436443447677,0.9241120051290898,2,creation
