metric,F,p,partial_eta_squared
R1p,11965.438804729085,0.0,0.4436501345551316
R2p,23846.099046718256,0.0,0.6137818396860113
R3p,21643.808792603628,0.0,0.5905733229990172
