R1p,R2p,R3p,cluster,assigned_regime
0.4301957014489848,0.39616905286187126,0.1736352456888759,0,optimization
0.3029948111050618,0.5294920305773995,0.16751315831726882,1,transcendence
0.3452128690715927,0.3501909411095451,0.3045961898185694,2,creation
