test,s,lhs,rhs,abs_error,pass,confidence
zeta_functional_equation,(0.2+14j),(-0.22976852703634849423338783628764983253823059851549918307206345737654382696091486 - 0.17939416920673802202289121267771277929467806504732841191785908427921170623235368j),(-0.22976852703634849423338783628764983253823059851549918307206345737654382696091486 - 0.17939416920673802202289121267771277929467806504732841191785908427921170623235368j),2.251814467771009e-81,True,1.0
zeta_functional_equation,(0.7+9j),(1.4014070466102842253371489440896484652858891390797293674227242954376042114361347 + 0.1604398044473119422510509889564855588914006979285901600143373496627301578163107j),(1.4014070466102842253371489440896484652858891390797293674227242954376042114361347 + 0.16043980444731194225105098895648555889140069792859016001433734966273015781631069j),1.257353236195486e-80,True,1.0
zeta_functional_equation,-2,(0.0 + 0.0j),(-2.0773340858791777577805597514699766208769026966399063682088367590645679975502439e-83 + 0.0j),2.0773340858791778e-83,True,1.0
zeta_functional_equation,-3,(0.0083333333333333333333333333333333333333333333333333333333333333333333333333333333 + 0.0j),(0.0083333333333333333333333333333333333333333333333333333333333333333333333333333333 + 0.0j),1.6472184286297693e-83,True,1.0
