metric,F,p,partial_eta2
R1p,5644.826689507868,0.0,0.776687024975014
R2p,2502.93497973498,0.0,0.6066346154334575
R3p,527.3051432075114,5.003865462731069e-199,0.2452234023032446
