test,s,N,value,target,abs_error,pass,confidence
euler_product_vs_zeta,3.0,600,1.2020568997060817423321067832088837082613704646648198263462363347402735792915179,1.2020569031595942853997381615114499907649862923404988817922715553418382057863131,3.4535125430676313e-09,True,0.7079716317033599
zeta_dirichlet_series,3.0,4000,1.2020568719174058088372585065622617584861624149661738543669887218552404886360799,1.2020569031595942853997381615114499907649862923404988817922715553418382057863131,3.124218847656248e-08,False,0.04397126847071192
euler_product_vs_zeta,3.0,200,1.2020568511172642604575467187914112055882258212350953426880962909326935187768832,1.2020569031595942853997381615114499907649862923404988817922715553418382057863131,5.204233002494219e-08,False,0.005493262143900979
zeta_dirichlet_series,3.0,2000,1.2020567782220786604010402445192626372492595671804994458227400777784923951177493,1.2020569031595942853997381615114499907649862923404988817922715553418382057863131,1.249375156249987e-07,False,3.750011833076486e-06
euler_product_vs_zeta,2.0,600,1.644894246646634443275534632757094308190559912109521088576955918084005586488348,1.6449340668482264364724151666460251892189499012067984377355582293700074704032009,3.9820201591993195e-05,False,0.0
