test,s,primes,Kmax,value,target,abs_error,pass,confidence
log_zeta_prime_power_series,3.0,1000,6,0.18403409803653639937668097571612004133288335445407469188177905130391674278052638,0.18403417539149142150495871104056237383272291847410747974512941759628452429132935,7.735495502212827e-08,True,0.46137249354591614
log_zeta_prime_power_series,2.0,1000,6,0.4976763943616659293410967060991865407588274709602598520122470764403919954572169,0.49770030247074534747437734432541515057159893364761843717187179981338762458134848,2.3908109079418135e-05,False,1.4736744049451206e-104
