Dataset,Problem,R0_Exploration,R1_Optimization,R2_Integration,Total_Points
Riemann Zeros,Hilbert #8 (RH),0.5390539053905391,0.149014901490149,0.31193119311931194,9999
Prime Gaps,Twin Primes,0.5912912912912913,0.07547547547547548,0.33323323323323323,9999
Collatz Sequences,Collatz Conjecture,0.5308,0.1845,0.2847,10000
Dirichlet L-zeros,Hilbert #8 (Extended),0.48853968571714546,0.5077569812831548,0.00370333299969973,10000
