feature,importance
gap,0.6994394853591073
rho_local,0.12126525036496999
t,0.091293517692392
norm_height,0.08800174658353078
