target,balanced_chain_share,avg_confidence,avg_predictive_validity,avg_concordance
Euler,0.8333333333333334,0.5621607338799703,0.6421717232086751,1.0
Tesla,0.8333333333333334,0.5466592944849514,0.6272235496972675,1.0
Mandelbrot,0.9333333333333333,0.5607417329794305,0.6408033682363666,1.0
