sigma,flip_rate
0.01,0.4852475
0.02,0.4937000000000003
0.05,0.4983633333333334
