group,metric,mean,lo,hi
0,prop_exploration,0.254141980266266,0.21569001033416396,0.2936660052727582
0,prop_optimization,0.04856913474656211,0.04148619319599084,0.05585936029462963
0,prop_integration,0.6972888849871719,0.6517249270802074,0.7422598607327145
1,prop_exploration,0.3261815970612731,0.2638442523987811,0.39045811507982675
1,prop_optimization,0.09406033380958036,0.08152684654959627,0.10722341802751727
1,prop_integration,0.5797580691291466,0.5057304841813359,0.6513505367170555
