true_t,pred_t,abs_error
9876.479017064,9801.027601712154,75.45141535184666
