cluster,target,cosine
0,R1_Creation,0.5852219768322022
0,R2_Optimization,0.8648860897113796
0,R3_Transcendence,0.8593382351678475
1,R1_Creation,0.40497519001450594
1,R2_Optimization,0.9558358684932474
1,R3_Transcendence,0.6676957618292996
2,R1_Creation,0.5343779427481777
2,R2_Optimization,0.5888716297137376
2,R3_Transcendence,0.8412537036620786
