R1p,R2p,R3p,cluster,regime
0.052441007303549475,0.3983230115745796,0.5492359811207014,0,transcendence
0.053553432699602256,0.10275792652235104,0.8436886407767912,1,transcendence
0.3918514063670968,0.09667712198889815,0.51147147164266,2,transcendence
