process,n_samples,silhouette,r1_prop,r2_prop,r3_prop,max_prop,min_prop
GUE,9998,0.20015354779378475,34.15683136627325,52.03040608121624,13.812762552510502,52.03040608121624,13.812762552510502
Poisson,9998,0.2281483557801368,44.34886977395479,10.822164432886577,44.82896579315863,44.82896579315863,10.822164432886577
Regular,9998,0.2029804098661781,20.934186837367474,22.774554910982197,56.29125825165033,56.29125825165033,20.934186837367474
