n_components,bic,aic
2,68163.3807253624,67766.81750517873
3,-39258.74133268402,-39857.191283143016
4,-59767.52663810364,-60567.86331883796
5,-67613.02710310763,-68615.25051411727
6,-68531.56092722414,-69735.67106850911
7,-77819.40134714481,-79225.3982187051
