,count,mean,std,min,25%,50%,75%,max
fractal_score,60.0,0.4427494750148417,0.3614259221529433,0.0011137751478447894,0.0011137751478447894,0.5475862020862885,0.7405174630862947,0.977318518711438
feigenbaum_score,60.0,0.975652187540826,0.02024994375141284,0.9240442995700973,0.9652435691601833,0.9815927845368857,0.9911784264556803,0.9993491827520987
robust_connection_score,60.0,0.6825556956515346,0.19821608228335816,0.4164325111378584,0.4472108110110578,0.7436020562739363,0.8455732890097257,0.9655526511964467
