Regime,Observed_prop,Stationary_prop_from_T
Support-dominant,0.3384615384615385,0.33361274239131933
Exploration-dominant,0.3128205128205128,0.4843210079326643
Balanced-asymmetric,0.3487179487179487,0.1820662496760164
