Regime,Observed_prop,BlockBoot_CI_2.5,BlockBoot_CI_97.5
Support-dominant,0.3384615384615385,0.25,0.37777777777777777
Exploration-dominant,0.3128205128205128,0.16666666666666666,0.34074074074074073
Balanced-asymmetric,0.3487179487179487,0.2814814814814815,0.5833333333333334
