metric,F,p,partial_eta_squared
mass_norm,7388.613583010674,0.0,0.8408464865295554
dm_dt,596.1025304502791,2.290012708365418e-216,0.29885780317119753
d2m_dt2,691.6189832881078,8.908574369302336e-245,0.33089933578617975
