mass_norm_z,dm_dt_z,d2m_dt2_z,cluster,abs_dm,abs_d2,stability_score
-0.9137056743471585,-0.13339868559430512,0.15474793630187433,0,0.13339868559430512,0.15474793630187433,-0.7449994590697587
0.9286481890887022,0.02546889872038653,-0.0417959240356605,1,0.02546889872038653,0.0417959240356605,0.397059271788304
-0.2790660138474954,5.382241346337643,-5.640260572261963,2,5.382241346337643,5.640260572261963,-11.162034925523352
