group1,group2,meandiff,p-adj,lower,upper,reject,metric,cohens_d,n1,n2
0,1,0.7171,0.0,0.7033,0.731,True,mass_norm,-4.665307977521978,1393,1379
0,2,0.247,0.0,0.1775,0.3166,True,mass_norm,-1.535418629620259,1393,28
1,2,-0.4701,0.0,-0.5396,-0.4005,True,mass_norm,3.074133796392706,1379,28
0,1,0.0052,0.0,0.0028,0.0077,True,dm_dt,-0.1977674519751295,1393,1379
0,2,0.1813,0.0,0.169,0.1936,True,dm_dt,-5.750020019814972,1393,28
1,2,0.1761,0.0,0.1638,0.1884,True,dm_dt,-6.955939375293897,1379,28
0,1,-0.0015,0.0,-0.0021,-0.001,True,d2m_dt2,0.2645086662301411,1393,1379
0,2,-0.0456,0.0,-0.0485,-0.0427,True,d2m_dt2,5.394009984642603,1393,28
1,2,-0.0441,0.0,-0.0469,-0.0412,True,d2m_dt2,8.715403068571362,1379,28
