Regime,Observed_count,Expected_count,Observed_prop,Target_prop,Std_residual
Support-dominant,66.0,65.13000000000001,0.3384615384615385,0.334,0.10780247046954189
Exploration-dominant,56.0,94.38,0.28717948717948716,0.484,-3.9506175064063256
Balanced-asymmetric,73.0,35.49,0.37435897435897436,0.182,6.296425432886211
