Regime,Observed_prop,CI_2.5,CI_97.5
Support-dominant,0.3384615384615385,0.2717948717948718,0.40512820512820513
Exploration-dominant,0.28717948717948716,0.22564102564102564,0.35384615384615387
Balanced-asymmetric,0.37435897435897436,0.3076923076923077,0.441025641025641
