Regime,Observed_count,Observed_prop,CI_2.5,CI_97.5,Target_prop_new,Std_residual_vs_new
Support-dominant,132,0.3384615384615385,0.2922435897435898,0.3871794871794872,0.3384615384615385,0.0
Exploration-dominant,122,0.3128205128205128,0.26666666666666666,0.358974358974359,0.3128205128205128,0.0
Balanced-asymmetric,136,0.3487179487179487,0.30256410256410254,0.3974358974358974,0.3487179487179487,0.0
