Regime,Observed_count,Observed_prop,CI_2.5,CI_97.5,Target_prop
Support-dominant,167,0.3373737373737374,0.29494949494949496,0.3797979797979798,0.334
Exploration-dominant,158,0.3191919191919192,0.2787878787878788,0.3616161616161616,0.484
Balanced-asymmetric,170,0.3434343434343434,0.301010101010101,0.38585858585858585,0.182
