scale,silhouette_hybrid,silhouette_riemann,diff
1000000,0.23110640566490007,0.22656951925560787,0.004536886409292201
